{
  "id" : "67af9c0c-44e0-4a58-b3a5-0dcfe6f27ec5",
  "restrictions" : [ ],
  "version" : 0,
  "title" : {
    "value" : "Artivact Demo",
    "translations" : { }
  },
  "description" : {
    "value" : "A demo with simple items for testing.",
    "translations" : {
      "de" : "Eine Demo mit einfachen Ausstellungsstücken."
    }
  },
  "lastModified" : "2024-01-19T16:50:44.173217800Z",
  "referencedMenuIds" : [ "d926d150-31cc-4cd6-b7c5-735f6d1ab607", "ac0eb015-0eb7-4f9f-9a36-9814a8f5b80d" ],
  "topics" : [ {
    "title" : {
      "value" : "Simple",
      "translations" : {
        "de" : "Simpel"
      }
    },
    "tools" : [ {
      "type" : "TITLE",
      "title" : {
        "value" : "Simple Models",
        "translations" : {
          "de" : "Einfache Modelle"
        }
      }
    }, {
      "type" : "ITEMS",
      "itemIds" : [ "2e44d62c-7836-46f1-92c4-e1216b36a9e4", "540e1862-196e-4163-ba78-c8cecd63687f", "83b600f2-c10d-4e9b-badb-c852f2027e38" ]
    } ]
  }, {
    "title" : {
      "value" : "Complex",
      "translations" : {
        "de" : "Komplex"
      }
    },
    "tools" : [ {
      "type" : "TITLE",
      "title" : {
        "value" : "Complex Models",
        "translations" : {
          "de" : "Komplexe Modelle"
        }
      }
    }, {
      "type" : "ITEMS",
      "itemIds" : [ "6973eec2-7e40-48b7-8490-60b906b0be23", "fad9db2f-b942-43b7-8eca-fc23aca1492e" ]
    } ]
  } ],
  "propertyCategories" : [ {
    "value" : "Mesh Information",
    "translations" : {
      "de" : "Mesh Informationen"
    },
    "id" : "d218e666-26e4-40a2-9fcd-0837e74bd79e",
    "properties" : [ {
      "value" : "Vertices",
      "translations" : {
        "de" : "Knoten"
      },
      "id" : "380dc638-98cf-44b9-8bc9-10fa8b4d644e",
      "valueRange" : [ ]
    }, {
      "value" : "Faces",
      "translations" : {
        "de" : "Gesichter"
      },
      "id" : "0b5e1f39-0867-4ade-a0db-bbfac6e7f2a7",
      "valueRange" : [ ]
    }, {
      "value" : "Triangles",
      "translations" : {
        "de" : "Dreiecke"
      },
      "id" : "0241dea6-f084-4912-9a07-a5b29e4ef992",
      "valueRange" : [ ]
    } ]
  }, {
    "value" : "Metadata",
    "translations" : {
      "de" : "Metadaten"
    },
    "id" : "e56b67ef-cf79-4106-90af-b115da6f4ade",
    "properties" : [ {
      "value" : "Created",
      "translations" : {
        "de" : "Erstellt"
      },
      "id" : "da07698b-45a2-4b45-9a06-225d76bcc8f4",
      "valueRange" : [ ]
    }, {
      "value" : "Modified",
      "translations" : {
        "de" : "Aktualisiert"
      },
      "id" : "0c251971-6cf4-4ea0-93de-1ef099d4f723",
      "valueRange" : [ ]
    }, {
      "value" : "Program",
      "translations" : {
        "de" : "Programm"
      },
      "id" : "ad31c8b1-d03f-41e0-8bca-f7c6c49b881a",
      "valueRange" : [ {
        "value" : "Blender3D",
        "translatedValue" : "",
        "translations" : {
          "de" : ""
        },
        "id" : "13cdbab2-f1a1-477b-94c3-410fac4315c4",
        "restrictions" : [ ]
      } ]
    } ]
  } ],
  "tags" : [ {
    "value" : "Simple",
    "translations" : {
      "de" : "Simpel"
    },
    "id" : "63df1f37-868a-4cf4-bf77-29a0cacec838",
    "url" : "",
    "defaultTag" : false
  }, {
    "value" : "Complex",
    "translations" : {
      "de" : "Komplex"
    },
    "id" : "9df192ca-6e72-447d-8715-f1f1ef508ad7",
    "url" : "",
    "defaultTag" : false
  } ]
}