{
  "id" : "b5450da1-07e8-4c28-bde6-1ff1ced0f3ca",
  "restrictions" : [ ],
  "version" : 4,
  "title" : {
    "value" : "Cone",
    "translatedValue" : "Cone",
    "translations" : {
      "de" : "Kegel"
    }
  },
  "description" : {
    "value" : "A simple cone.",
    "translatedValue" : "A simple cone.",
    "translations" : {
      "de" : "Ein einfacher Kegel."
    }
  },
  "properties" : {
    "b050c460-b653-43cd-9c6b-54a7711ef91e" : "33",
    "ea00e0c3-b416-48a0-b582-905c97b892d6" : "33",
    "5abd6197-6145-4246-8482-488ee80ebe91" : "26.03.2024",
    "da9ed2f4-ef20-4dce-bafb-7b8e0c7b7e40" : "Blender 3D",
    "16b1a164-09f3-46ba-99d0-98587a2375d5" : "62"
  },
  "tags" : [ {
    "value" : "simple",
    "translatedValue" : "einfach",
    "translations" : {
      "de" : "einfach"
    },
    "id" : "42bcad63-429b-4686-a2b8-d12610b9bf0e",
    "restrictions" : [ ],
    "url" : "",
    "defaultTag" : false
  } ],
  "mediaContent" : {
    "images" : [ "001.png" ],
    "models" : [ "001.glb" ]
  }
}