{
  "id" : "b50346be-1db7-4b1b-ba98-d53400bb790b",
  "restrictions" : [ ],
  "version" : 7,
  "title" : {
    "value" : "Cube",
    "translatedValue" : "Würfel",
    "translations" : {
      "de" : "Würfel"
    }
  },
  "description" : {
    "value" : "A simple cube, created and exported using Blender3D.",
    "translatedValue" : "Ein einfacher Würfel, das Standardmodell eines neuen Blender3D Projekts.",
    "translations" : {
      "de" : "Ein einfacher Würfel, das Standardmodell eines neuen Blender3D Projekts."
    }
  },
  "properties" : {
    "da07698b-45a2-4b45-9a06-225d76bcc8f4" : "03.01.2024",
    "ad31c8b1-d03f-41e0-8bca-f7c6c49b881a" : "Blender3D",
    "380dc638-98cf-44b9-8bc9-10fa8b4d644e" : "8",
    "0b5e1f39-0867-4ade-a0db-bbfac6e7f2a7" : "6",
    "0241dea6-f084-4912-9a07-a5b29e4ef992" : "12"
  },
  "mediaContent" : {
    "images" : [ "001.jpg" ],
    "models" : [ "001.glb" ]
  },
  "tags" : [ {
    "value" : "Simple",
    "translatedValue" : "Simpel",
    "translations" : {
      "de" : "Simpel"
    },
    "id" : "63df1f37-868a-4cf4-bf77-29a0cacec838",
    "restrictions" : [ ],
    "url" : "",
    "defaultTag" : false
  } ]
}