{
  "content" : {
    "translatedValue" : null,
    "translations" : { },
    "value" : "The welcome page imported during initial application start."
  },
  "contentSource" : "COLLECTION",
  "coverPictureExtension" : null,
  "description" : {
    "translatedValue" : null,
    "translations" : { },
    "value" : "The Artivact welcome page."
  },
  "exportConfiguration" : {
    "applyRestrictions" : false,
    "xrExport" : false,
    "excludeItems" : false
  },
  "id" : "21485764-3e0d-4d89-a237-ad543097bb55",
  "schemaVersion" : 2,
  "sourceIds" : [ "7696687f-81a0-4088-81e1-1049f4747073" ],
  "title" : {
    "translatedValue" : null,
    "translations" : { },
    "value" : "Artivact Welcome Page"
  }
}