{
  "id" : "6de01d09-0aec-49a8-8abc-acaebb1b5885",
  "restrictions" : [ ],
  "version" : 6,
  "title" : {
    "value" : "Cylinder",
    "translatedValue" : "Zylinder",
    "translations" : {
      "de" : "Zylinder"
    }
  },
  "description" : {
    "value" : "A simple cylinder model.",
    "translatedValue" : "Das Modell eines einfachen Zylinders.",
    "translations" : {
      "de" : "Das Modell eines einfachen Zylinders."
    }
  },
  "properties" : {
    "380dc638-98cf-44b9-8bc9-10fa8b4d644e" : "192",
    "0b5e1f39-0867-4ade-a0db-bbfac6e7f2a7" : "124",
    "0241dea6-f084-4912-9a07-a5b29e4ef992" : "124",
    "da07698b-45a2-4b45-9a06-225d76bcc8f4" : "03.01.2024",
    "ad31c8b1-d03f-41e0-8bca-f7c6c49b881a" : "Blender3D"
  },
  "mediaContent" : {
    "images" : [ "001.jpg" ],
    "models" : [ "001.glb" ]
  },
  "tags" : [ {
    "value" : "Simple",
    "translatedValue" : "Simpel",
    "translations" : {
      "de" : "Simpel"
    },
    "id" : "63df1f37-868a-4cf4-bf77-29a0cacec838",
    "restrictions" : [ ],
    "url" : "",
    "defaultTag" : false
  } ]
}