{
  "id" : "fad9db2f-b942-43b7-8eca-fc23aca1492e",
  "restrictions" : [ "ROLE_USER" ],
  "version" : 3,
  "title" : {
    "value" : "Lantern",
    "translatedValue" : "Lantern",
    "translations" : { }
  },
  "description" : {
    "value" : "Old wooden street light.\nCredit:\n© 2017, Microsoft. CC0 1.0 Universal\n- sbtron for Initial version\n© 2018, Frank Galligan. CC0 1.0 Universal\n- Frank Galligan for Draco compression",
    "translatedValue" : "Old wooden street light.\nCredit:\n© 2017, Microsoft. CC0 1.0 Universal\n- sbtron for Initial version\n© 2018, Frank Galligan. CC0 1.0 Universal\n- Frank Galligan for Draco compression",
    "translations" : { }
  },
  "properties" : {
    "380dc638-98cf-44b9-8bc9-10fa8b4d644e" : "4145",
    "0b5e1f39-0867-4ade-a0db-bbfac6e7f2a7" : "5394",
    "0241dea6-f084-4912-9a07-a5b29e4ef992" : "5394"
  },
  "mediaContent" : {
    "images" : [ "001.jpg" ],
    "models" : [ "001.glb" ]
  },
  "tags" : [ {
    "value" : "Complex",
    "translatedValue" : "Komplex",
    "translations" : {
      "de" : "Komplex"
    },
    "id" : "9df192ca-6e72-447d-8715-f1f1ef508ad7",
    "restrictions" : [ ],
    "url" : "",
    "defaultTag" : false
  } ]
}