{
  "id" : "2e44d62c-7836-46f1-92c4-e1216b36a9e4",
  "restrictions" : [ ],
  "version" : 4,
  "title" : {
    "value" : "Fox",
    "translatedValue" : "Fox",
    "translations" : { }
  },
  "description" : {
    "value" : "Multiple animations cycles: Survey, Walk, Run.\nCredit:\n© 2014, Public. CC0 1.0 Universal\n- PixelMannen for Model\n© 2014, tomkranis. CC BY 4.0 International\n- tomkranis for Rigging & Animation\n© 2017, @AsoboStudio and @scurest. CC BY 4.0 International\n- @AsoboStudio and @scurest for Conversion to glTF",
    "translatedValue" : "Multiple animations cycles: Survey, Walk, Run.\nCredit:\n© 2014, Public. CC0 1.0 Universal\n- PixelMannen for Model\n© 2014, tomkranis. CC BY 4.0 International\n- tomkranis for Rigging & Animation\n© 2017, @AsoboStudio and @scurest. CC BY 4.0 International\n- @AsoboStudio and @scurest for Conversion to glTF",
    "translations" : { }
  },
  "properties" : {
    "380dc638-98cf-44b9-8bc9-10fa8b4d644e" : "1728",
    "0b5e1f39-0867-4ade-a0db-bbfac6e7f2a7" : "576",
    "0241dea6-f084-4912-9a07-a5b29e4ef992" : "576"
  },
  "mediaContent" : {
    "images" : [ "001.jpg" ],
    "models" : [ "001.glb" ]
  },
  "tags" : [ {
    "value" : "Simple",
    "translatedValue" : "Simpel",
    "translations" : {
      "de" : "Simpel"
    },
    "id" : "63df1f37-868a-4cf4-bf77-29a0cacec838",
    "restrictions" : [ ],
    "url" : "",
    "defaultTag" : false
  } ]
}