{
  "id" : "8b2ae4ac-51cb-4de0-b2ee-ad531e01b176",
  "restrictions" : [ ],
  "widgets" : [ {
    "backgroundImage" : "artivact_title.png",
    "buttonConfigs" : [ ],
    "id" : "b9c5b9c8-c14a-4551-82b6-ee5e1b8f6ceb",
    "navigationTitle" : {
      "translatedValue" : null,
      "translations" : {
        "de" : "Willkommen"
      },
      "value" : "Welcome"
    },
    "restrictions" : [ ],
    "subtitle" : {
      "translatedValue" : null,
      "translations" : { },
      "value" : ""
    },
    "title" : {
      "translatedValue" : null,
      "translations" : {
        "de" : "Herzliche Willkommen"
      },
      "value" : "Welcome to Artivact"
    },
    "type" : "PAGE_TITLE"
  }, {
    "content" : {
      "translatedValue" : null,
      "translations" : {
        "de" : "Mit dieser Anwendung können Sie Ihre Sammlung verwalten und präsentieren. Als erste Schritte, um die Anwendung kennen zu lernen, bieten sich folgende Funktionen an:"
      },
      "value" : "With this application, you can manage and present your collections. To get to know the application, you could start with the following steps:"
    },
    "heading" : {
      "translatedValue" : null,
      "translations" : {
        "de" : "Erste Schritte in Artivact"
      },
      "value" : "First Steps"
    },
    "id" : "86431248-1a59-44b2-9804-40091a7338b9",
    "navigationTitle" : {
      "translatedValue" : null,
      "translations" : {
        "de" : "Erste Schritte"
      },
      "value" : "First Steps"
    },
    "restrictions" : [ ],
    "type" : "TEXT"
  }, {
    "type" : "BUTTONS",
    "columns" : 3,
    "buttonConfigs" : [ {
      "buttonColor" : "primary",
      "iconLeft" : "explore",
      "iconRight" : "",
      "label" : {
        "translatedValue" : "Quick Start Tour",
        "translations" : {
          "de" : "Tour zum Schnelleinstieg"
        },
        "value" : "Quick Start Tour"
      },
      "size" : 1,
      "targetUrl" : "/#/wizzard/welcomeTour",
      "textColor" : "white"
    }, {
      "buttonColor" : "primary",
      "iconLeft" : "auto_fix_high",
      "iconRight" : "",
      "label" : {
        "translatedValue" : "Prepare 3D Scanning",
        "translations" : {
          "de" : "3D Scanning konfigurieren"
        },
        "value" : "Prepare 3D Scanning"
      },
      "size" : 1,
      "targetUrl" : "/#/wizzard/scanPeripherals",
      "textColor" : "white"
    }, {
      "buttonColor" : "primary",
      "iconLeft" : "3d_rotation",
      "iconRight" : "",
      "label" : {
        "translatedValue" : "Scan Item",
        "translations" : {
          "de" : "Sammlungsobjekt Scannen"
        },
        "value" : "Scan Item"
      },
      "size" : 1,
      "targetUrl" : "/#/wizzard/scanItem",
      "textColor" : "white"
    } ],
    "id" : "7cc92723-e829-46d5-966f-0bc9f45aaca2",
    "navigationTitle" : {
      "translatedValue" : null,
      "translations" : { },
      "value" : ""
    },
    "restrictions" : [ ]
  }, {
    "content" : {
      "translatedValue" : null,
      "translations" : {
        "de" : "Weiteres können Sie in der **offiziellen Dokumentation** der Anwendung erfahren, die auch ein Benutzerhandbuch beinhaltet. Sie kann über das \"Fragezeichen\"-Menu in der Menuleiste oben rechts geöffnet werden."
      },
      "value" : "You can find out more in the **official documentation** of this release. It can be opened by clicking on the \"question mark\" icon in the upper-right corner."
    },
    "heading" : {
      "translatedValue" : null,
      "translations" : { },
      "value" : ""
    },
    "id" : "38f4f7fe-58ba-4579-a6e8-ad80bfbba448",
    "navigationTitle" : {
      "translatedValue" : null,
      "translations" : { },
      "value" : ""
    },
    "restrictions" : [ ],
    "type" : "TEXT"
  }, {
    "content" : {
      "translatedValue" : null,
      "translations" : {
        "de" : "Der Kern jeder Sammlung sind natürlich deren Objekte. Ein erstes Beispielobjekt wurde, wie unten zu sehen, beim Anwendungsstart angelegt. Es verwendet die Beispiel-Eigenschaften und -Tags, welche Sie durch die zu Ihrer Sammlung passenden ersetzen können. Sie können neue Objekte anlegen. Diese werden dann ebenfalls hier angezeigt."
      },
      "value" : "The core of each collection is, of course, its items. A sample item has been created for you below. It uses default properties and tags, which you should replace with those relevant to your collection type. You can also create a new item, which will appear below as well."
    },
    "heading" : {
      "translatedValue" : null,
      "translations" : {
        "de" : "Sammlungsobjekte"
      },
      "value" : "Items"
    },
    "id" : "bf5020cb-42fd-49f0-9913-2dce04c3c041",
    "maxResults" : 100,
    "navigationTitle" : {
      "translatedValue" : null,
      "translations" : {
        "de" : "Sammlungsobjekte"
      },
      "value" : "Items"
    },
    "pageSize" : 9,
    "restrictions" : [ ],
    "searchTerm" : "*",
    "type" : "ITEM_SEARCH"
  } ],
  "editable" : true,
  "metaData" : {
    "title" : {
      "translatedValue" : "Artivact",
      "translations" : { },
      "value" : "Artivact"
    },
    "description" : {
      "translatedValue" : "",
      "translations" : { },
      "value" : ""
    },
    "author" : "",
    "keywords" : {
      "translatedValue" : "",
      "translations" : { },
      "value" : ""
    }
  }
}