{
  "id" : "8b2ae4ac-51cb-4de0-b2ee-ad531e01b176",
  "restrictions" : [ ],
  "indexPage" : true,
  "widgets" : [ {
    "id" : "b9c5b9c8-c14a-4551-82b6-ee5e1b8f6ceb",
    "restrictions" : [ ],
    "type" : "PAGE_TITLE",
    "navigationTitle" : {
      "value" : "Welcome",
      "translations" : {
        "de" : "Willkommen"
      }
    },
    "title" : {
      "value" : "Welcome to Artivact",
      "translations" : {
        "de" : "Herzliche Willkommen"
      }
    },
    "backgroundImage" : "artivact-welcome-title.png"
  }, {
    "id" : "86431248-1a59-44b2-9804-40091a7338b9",
    "restrictions" : [ ],
    "type" : "TEXT",
    "navigationTitle" : {
      "value" : "First Steps",
      "translations" : {
        "de" : "Erste Schritte"
      }
    },
    "heading" : {
      "value" : "First Steps",
      "translations" : {
        "de" : "Erste Schritte in Artivact"
      }
    },
    "content" : {
      "value" : "With this application, you can maintain and present your collections. As first steps to get the application to know, you could do the following:\n\n- **Create and edit a new page.** By clicking on the \"plus\" icon in the upper left, you can create a new menu entry. By right-clicking on the menu entry, you can add a page to it. It can then be edited using the \"pencil\" icon in the upper right corner of the page.\n- **Crate a new item.** By clicking on the \"crate\" icon in the upper right and selecting \"create new\" you can create your first item in Artivact. Sample properties and tags have been automatically defined and can be changed with the respective configuration menus.\n\nYou can find out more in the **official documentation** of this release. It can be opened by clicking on the \"question mark\" icon in the upper-right corner.",
      "translations" : {
        "de" : "Mit dieser Anwendung können Sie ihre Sammlung verwalten und präsentieren. Als erste Schritte, um die Anwendung kennen zu lernen, bieten sich folgende An:\n\n- **Erzeugen und bearbeiten Sie eine neue Seite.** Durch Klick auf den \"Plus\"-Button in der Menuleiste oben links erzeugen Sie einen neuen Menueintrag. Durch Rechtsklick auf diesen können Sie dem Menu eine neue Seite hinzufügen. Diese kann dann durch Klick auf den \"Stift\"-Button auf der Seite oben rechts bearbeitet werden.\n- **Erzeuge Sie ein neues Sammlungsobjekt.** Durch Klick auf das \"Objekt\"-Menu und Auswahl von \"Objekt Erzeugen\" erstellen Sie ein neues Sammlungsobjekt in Artivact. Beispiel-Eigenschaften und -Tags wurden automatisch angelegt und können über die entsprechenden Konfigurationsmenus den individuellen Wünschen angepasst werden.\n\nWeiteres können Sie in der **offiziellen Dokumentation** der Anwendung erfahren, die auch ein Benutzerhandbuch beinhaltet. Sie kann über das \"Fragezeichen\"-Menu in der Menuleiste oben rechts geöffnet werden."
      }
    }
  }, {
    "id" : "bf5020cb-42fd-49f0-9913-2dce04c3c041",
    "restrictions" : [ ],
    "type" : "ITEM_SEARCH",
    "navigationTitle" : {
      "value" : "Items",
      "translations" : {
        "de" : "Sammlungsobjekte"
      }
    },
    "heading" : {
      "value" : "Items",
      "translations" : {
        "de" : "Sammlungsobjekte"
      }
    },
    "content" : {
      "value" : "The core of each collection are of course the items. A first demo item has been created for you below. It uses default properties and tags, which you should replace with the ones relevant for your collection type.",
      "translations" : {
        "de" : "Der Kern jeder Sammlung sind natürlich deren Objekte. Ein erstes Beispielobjekt wurde, wie unten zu sehen, beim Anwendungsstart angelegt. Es verwendet die Beispiel-Eigenschaften und -Tags, welche Sie durch die zu Ihrer Sammlung passenden ersetzen können."
      }
    },
    "searchTerm" : "1916030e-c969-4001-97da-a52793491169",
    "maxResults" : 100,
    "pageSize" : 9
  } ],
  "editable" : true
}