{
  "id" : "540e1862-196e-4163-ba78-c8cecd63687f",
  "restrictions" : [ ],
  "version" : 4,
  "title" : {
    "value" : "Duck",
    "translatedValue" : "Duck",
    "translations" : { }
  },
  "description" : {
    "value" : "The COLLADA duck. One texture.\nCredit:\n© 2006, Sony. SCEA Shared Source License, Version 1.0 - Sony for Everything",
    "translatedValue" : "The COLLADA duck. One texture.\nCredit:\n© 2006, Sony. SCEA Shared Source License, Version 1.0 - Sony for Everything",
    "translations" : { }
  },
  "properties" : {
    "380dc638-98cf-44b9-8bc9-10fa8b4d644e" : "2399",
    "0b5e1f39-0867-4ade-a0db-bbfac6e7f2a7" : "4212",
    "0241dea6-f084-4912-9a07-a5b29e4ef992" : "4212"
  },
  "mediaContent" : {
    "images" : [ "001.png" ],
    "models" : [ "001.glb" ]
  },
  "tags" : [ {
    "value" : "Simple",
    "translatedValue" : "Simpel",
    "translations" : {
      "de" : "Simpel"
    },
    "id" : "63df1f37-868a-4cf4-bf77-29a0cacec838",
    "restrictions" : [ ],
    "url" : "",
    "defaultTag" : false
  } ]
}