{
  "categories" : [ {
    "id" : "e3796eb4-7e98-4968-a707-0a93834dbddb",
    "properties" : [ {
      "id" : "56f97243-1186-4641-9690-e0351542911b",
      "restrictions" : [ ],
      "translatedValue" : null,
      "translations" : {
        "de" : "Eigenschaft A1"
      },
      "value" : "Property A1",
      "valueRange" : [ ]
    }, {
      "id" : "c2a2d26c-0696-4145-8c83-e354c6e7a29a",
      "restrictions" : [ ],
      "translatedValue" : null,
      "translations" : {
        "de" : "Eigenschaft A2"
      },
      "value" : "Property A2",
      "valueRange" : [ ]
    } ],
    "restrictions" : [ ],
    "translatedValue" : null,
    "translations" : {
      "de" : "Kategorie A"
    },
    "value" : "Category A"
  }, {
    "id" : "f3f18cca-8012-4004-883f-9a68e20c4ed0",
    "properties" : [ {
      "id" : "3da1f73c-07ff-4d7f-80fc-4c8b754f3f42",
      "restrictions" : [ ],
      "translatedValue" : null,
      "translations" : {
        "de" : "Eigenschaft B1"
      },
      "value" : "Property B1",
      "valueRange" : [ ]
    }, {
      "id" : "a36e3850-0196-4fa1-a297-d933fdc3633f",
      "restrictions" : [ ],
      "translatedValue" : null,
      "translations" : {
        "de" : "Eigenschaft B2"
      },
      "value" : "Property B2",
      "valueRange" : [ ]
    } ],
    "restrictions" : [ ],
    "translatedValue" : null,
    "translations" : {
      "de" : "Kategorie B"
    },
    "value" : "Category B"
  } ],
  "configurationType" : "PROPERTIES"
}