{
  "id" : "1916030e-c969-4001-97da-a52793491169",
  "restrictions" : [ ],
  "version" : 0,
  "title" : {
    "value" : "Example",
    "translations" : {
      "de" : "Beispiel"
    }
  },
  "description" : {
    "value" : "Artivact's example item. The Blender 3D default cube in a beautiful color.",
    "translations" : {
      "de" : "Artivacts Beispielobjekt. Der Blender 3D Standardwürfel in einer wunderschönen Farbe."
    }
  },
  "properties" : {
    "56f97243-1186-4641-9690-e0351542911b" : {
      "value" : "lorem",
      "translatedValue" : "Lorem",
      "translations" : {
        "de" : "Lorem"
      }
    },
    "c2a2d26c-0696-4145-8c83-e354c6e7a29a" : {
      "value" : "ipsum",
      "translatedValue" : "ipsum",
      "translations" : {
        "de" : "Ipsum"
      }
    },
    "3da1f73c-07ff-4d7f-80fc-4c8b754f3f42" : {
      "value" : "dolor",
      "translatedValue" : "dolor",
      "translations" : {
        "de" : "Dolor"
      }
    },
    "a36e3850-0196-4fa1-a297-d933fdc3633f" : {
      "value" : "sit amet",
      "translatedValue" : "Sit amet",
      "translations" : {
        "de" : "Sit Amet"
      }
    }
  },
  "tags" : [ {
    "value" : "Demo-Item",
    "translatedValue" : "Beispiel-Objekt",
    "translations" : {
      "de" : "Beispiel-Objekt"
    },
    "id" : "2720b86b-2a34-458f-a011-4c98f78ecb46",
    "restrictions" : [ ],
    "url" : "",
    "defaultTag" : false
  } ],
  "mediaContent" : {
    "images" : [ "001.png" ],
    "models" : [ "001.glb" ]
  }
}