{
  "id" : "420cc38a-cd9e-4d82-a462-17e2ee55a4fb",
  "restrictions" : [ ],
  "version" : 11,
  "title" : {
    "value" : "Demo-Exhibition",
    "translations" : {
      "de" : "Demo-Ausstellung"
    }
  },
  "description" : {
    "value" : "Artivact's Demo-Exhibition for Development and Testing.",
    "translations" : {
      "de" : "Die Artivact Demo-Ausstellung zum Entwickeln und Testen."
    }
  },
  "lastModified" : 1711633307.632692600,
  "referencedMenuIds" : [ "8090a963-1e1a-4df8-b8b4-155ca9d95f10", "3b083128-ed08-459b-a882-49c36064b9e0" ],
  "topics" : [ {
    "title" : {
      "value" : "Simple Structures",
      "translations" : {
        "de" : "Einfache Strukturen"
      }
    },
    "tools" : [ {
      "type" : "TITLE",
      "title" : {
        "value" : "Simple Structures",
        "translations" : {
          "de" : "Einfache Strukturen"
        }
      }
    }, {
      "type" : "ITEMS",
      "itemIds" : [ "b5450da1-07e8-4c28-bde6-1ff1ced0f3ca", "dc22769d-c194-4200-91fb-45fb54974974", "f54e862f-28a5-4e47-91e8-2b5ba15b02de" ]
    } ]
  }, {
    "title" : {
      "value" : "Complex Structures",
      "translations" : {
        "de" : "Komplexere Strukturen"
      }
    },
    "tools" : [ {
      "type" : "TITLE",
      "title" : {
        "value" : "Complex Structures",
        "translations" : {
          "de" : "Komplexere Strukturen"
        }
      }
    }, {
      "type" : "ITEMS",
      "itemIds" : [ "12a4ada3-98c2-4ba2-a492-aaac3a4cb478", "689e62e0-f74f-4a3b-8b5b-de8802f78647" ]
    } ]
  } ],
  "propertyCategories" : [ {
    "value" : "Mesh Data",
    "translations" : {
      "de" : "Gittermodelldaten"
    },
    "id" : "5e7e2f3b-1e22-40c7-b876-b0463c61191d",
    "properties" : [ {
      "value" : "Vertices",
      "translations" : {
        "de" : "Knoten"
      },
      "id" : "b050c460-b653-43cd-9c6b-54a7711ef91e",
      "valueRange" : [ ]
    }, {
      "value" : "Faces",
      "translations" : {
        "de" : "Oberflächen"
      },
      "id" : "ea00e0c3-b416-48a0-b582-905c97b892d6",
      "valueRange" : [ ]
    }, {
      "value" : "Tris",
      "translations" : {
        "de" : "Dreiecke"
      },
      "id" : "16b1a164-09f3-46ba-99d0-98587a2375d5",
      "valueRange" : [ ]
    } ]
  }, {
    "value" : "Meta Data",
    "translations" : {
      "de" : "Metadaten"
    },
    "id" : "0727a515-b150-47de-9252-cb89fa433b0c",
    "properties" : [ {
      "value" : "Created",
      "translations" : {
        "de" : "Erstellt"
      },
      "id" : "5abd6197-6145-4246-8482-488ee80ebe91",
      "valueRange" : [ ]
    }, {
      "value" : "Application",
      "translations" : {
        "de" : "Anwendung"
      },
      "id" : "da9ed2f4-ef20-4dce-bafb-7b8e0c7b7e40",
      "valueRange" : [ {
        "value" : "Blender 3D",
        "translatedValue" : "Blender 3D",
        "translations" : { },
        "id" : "ebe6e264-651f-495c-b369-889728487b81",
        "restrictions" : [ ]
      } ]
    } ]
  } ],
  "tags" : [ {
    "value" : "simple",
    "translations" : {
      "de" : "einfach"
    },
    "id" : "42bcad63-429b-4686-a2b8-d12610b9bf0e",
    "url" : "",
    "defaultTag" : false
  }, {
    "value" : "complex",
    "translations" : {
      "de" : "komplex"
    },
    "id" : "ed94c664-78e1-4f13-a111-f8f909dbbd14",
    "url" : "",
    "defaultTag" : false
  } ]
}