{
  "id" : "7033f2f6-f625-4c46-bc5f-8d43715c7ad6",
  "restrictions" : [ ],
  "version" : 5,
  "title" : {
    "value" : "Monkey",
    "translatedValue" : "Affenkopf",
    "translations" : {
      "de" : "Affenkopf"
    }
  },
  "description" : {
    "value" : "The Blender3D monkey logo in 3D.",
    "translatedValue" : "Der Blender3D Affenkopf. :-)",
    "translations" : {
      "de" : "Der Blender3D Affenkopf. :-)"
    }
  },
  "properties" : {
    "380dc638-98cf-44b9-8bc9-10fa8b4d644e" : "1966",
    "0b5e1f39-0867-4ade-a0db-bbfac6e7f2a7" : "968",
    "0241dea6-f084-4912-9a07-a5b29e4ef992" : "968",
    "da07698b-45a2-4b45-9a06-225d76bcc8f4" : "03.01.2024",
    "ad31c8b1-d03f-41e0-8bca-f7c6c49b881a" : "Blender3D"
  },
  "mediaContent" : {
    "images" : [ "001.jpg" ],
    "models" : [ "001.glb" ]
  },
  "tags" : [ {
    "value" : "Complex",
    "translatedValue" : "Komplex",
    "translations" : {
      "de" : "Komplex"
    },
    "id" : "9df192ca-6e72-447d-8715-f1f1ef508ad7",
    "restrictions" : [ ],
    "url" : "",
    "defaultTag" : false
  } ]
}