{
  "id" : "0241886e-ed7a-422c-bf02-70949e2efaba",
  "restrictions" : [ ],
  "version" : 5,
  "title" : {
    "value" : "Torus",
    "translatedValue" : "Torus",
    "translations" : { }
  },
  "description" : {
    "value" : "A torus model. Still quite simple, but more complex than the other models.",
    "translatedValue" : "Ein Torus-Model, erstellt und exportiert in Blender3D.",
    "translations" : {
      "de" : "Ein Torus-Model, erstellt und exportiert in Blender3D."
    }
  },
  "properties" : {
    "380dc638-98cf-44b9-8bc9-10fa8b4d644e" : "2304",
    "0b5e1f39-0867-4ade-a0db-bbfac6e7f2a7" : "1152",
    "0241dea6-f084-4912-9a07-a5b29e4ef992" : "1152",
    "da07698b-45a2-4b45-9a06-225d76bcc8f4" : "03.01.2024",
    "ad31c8b1-d03f-41e0-8bca-f7c6c49b881a" : "Blender3D"
  },
  "mediaContent" : {
    "images" : [ "001.jpg" ],
    "models" : [ "001.glb" ]
  },
  "tags" : [ {
    "value" : "Complex",
    "translatedValue" : "Komplex",
    "translations" : {
      "de" : "Komplex"
    },
    "id" : "9df192ca-6e72-447d-8715-f1f1ef508ad7",
    "restrictions" : [ ],
    "url" : "",
    "defaultTag" : false
  } ]
}