{
  "id" : "6973eec2-7e40-48b7-8490-60b906b0be23",
  "restrictions" : [ ],
  "version" : 3,
  "title" : {
    "value" : "Water Bottle",
    "translatedValue" : "Water Bottle",
    "translations" : { }
  },
  "description" : {
    "value" : "Basic metal/roughness water bottle.\nCredit:\n© 2017, Public. CC0 1.0 Universal - Microsoft for Everything",
    "translatedValue" : "Basic metal/roughness water bottle.\nCredit:\n© 2017, Public. CC0 1.0 Universal - Microsoft for Everything",
    "translations" : { }
  },
  "properties" : {
    "380dc638-98cf-44b9-8bc9-10fa8b4d644e" : "2549",
    "0b5e1f39-0867-4ade-a0db-bbfac6e7f2a7" : "4510",
    "0241dea6-f084-4912-9a07-a5b29e4ef992" : "4510"
  },
  "mediaContent" : {
    "images" : [ "001.jpg" ],
    "models" : [ "001.glb" ]
  },
  "tags" : [ {
    "value" : "Complex",
    "translatedValue" : "Komplex",
    "translations" : {
      "de" : "Komplex"
    },
    "id" : "9df192ca-6e72-447d-8715-f1f1ef508ad7",
    "restrictions" : [ ],
    "url" : "",
    "defaultTag" : false
  } ]
}