{
  "id" : "98bf3347-489e-4ca3-8df1-fd2d1f980a4d",
  "restrictions" : [ ],
  "version" : 5,
  "title" : {
    "value" : "Cone",
    "translatedValue" : "Kegel",
    "translations" : {
      "de" : "Kegel"
    }
  },
  "description" : {
    "value" : "A cone mesh exported from Blender3D.",
    "translatedValue" : "Ein einfacher Kegel.",
    "translations" : {
      "de" : "Ein einfacher Kegel."
    }
  },
  "properties" : {
    "380dc638-98cf-44b9-8bc9-10fa8b4d644e" : "128",
    "0b5e1f39-0867-4ade-a0db-bbfac6e7f2a7" : "62",
    "0241dea6-f084-4912-9a07-a5b29e4ef992" : "62",
    "da07698b-45a2-4b45-9a06-225d76bcc8f4" : "03.01.2024",
    "ad31c8b1-d03f-41e0-8bca-f7c6c49b881a" : "Blender3D"
  },
  "mediaContent" : {
    "images" : [ "001.jpg" ],
    "models" : [ "001.glb" ]
  },
  "tags" : [ {
    "value" : "Simple",
    "translatedValue" : "Simpel",
    "translations" : {
      "de" : "Simpel"
    },
    "id" : "63df1f37-868a-4cf4-bf77-29a0cacec838",
    "restrictions" : [ ],
    "url" : "",
    "defaultTag" : false
  } ]
}