{
  "id" : "83b600f2-c10d-4e9b-badb-c852f2027e38",
  "restrictions" : [ "ROLE_USER" ],
  "version" : 5,
  "title" : {
    "value" : "Box",
    "translatedValue" : "Box",
    "translations" : { }
  },
  "description" : {
    "value" : "One mesh and one material. Start with this.\nCredit:\n© 2017, Cesium. CC BY 4.0 International - Cesium for Everything",
    "translatedValue" : "One mesh and one material. Start with this.\nCredit:\n© 2017, Cesium. CC BY 4.0 International - Cesium for Everything",
    "translations" : { }
  },
  "properties" : {
    "380dc638-98cf-44b9-8bc9-10fa8b4d644e" : "24",
    "0b5e1f39-0867-4ade-a0db-bbfac6e7f2a7" : "12",
    "0241dea6-f084-4912-9a07-a5b29e4ef992" : "12"
  },
  "mediaContent" : {
    "images" : [ "001.png" ],
    "models" : [ "001.glb" ]
  },
  "tags" : [ {
    "value" : "Simple",
    "translatedValue" : "Simpel",
    "translations" : {
      "de" : "Simpel"
    },
    "id" : "63df1f37-868a-4cf4-bf77-29a0cacec838",
    "restrictions" : [ ],
    "url" : "",
    "defaultTag" : false
  } ]
}