{
  "id" : "1916030e-c969-4001-97da-a52793491169",
  "restrictions" : [ ],
  "version" : 0,
  "syncVersion" : null,
  "title" : {
    "translatedValue" : null,
    "translations" : {
      "de" : "Beispiel"
    },
    "value" : "Example"
  },
  "description" : {
    "translatedValue" : null,
    "translations" : {
      "de" : "Artivacts Beispielobjekt. Der Blender 3D Standardwürfel in einer wunderschönen Farbe."
    },
    "value" : "Artivact's example item. The Blender 3D default cube in a beautiful color."
  },
  "properties" : {
    "56f97243-1186-4641-9690-e0351542911b" : {
      "translatedValue" : "Lorem",
      "translations" : {
        "de" : "Lorem"
      },
      "value" : "lorem"
    },
    "c2a2d26c-0696-4145-8c83-e354c6e7a29a" : {
      "translatedValue" : "ipsum",
      "translations" : {
        "de" : "Ipsum"
      },
      "value" : "ipsum"
    },
    "3da1f73c-07ff-4d7f-80fc-4c8b754f3f42" : {
      "translatedValue" : "dolor",
      "translations" : {
        "de" : "Dolor"
      },
      "value" : "dolor"
    },
    "a36e3850-0196-4fa1-a297-d933fdc3633f" : {
      "translatedValue" : "Sit amet",
      "translations" : {
        "de" : "Sit Amet"
      },
      "value" : "sit amet"
    }
  },
  "tags" : [ {
    "defaultTag" : false,
    "id" : "2720b86b-2a34-458f-a011-4c98f78ecb46",
    "restrictions" : [ ],
    "translatedValue" : "Beispiel-Objekt",
    "translations" : {
      "de" : "Beispiel-Objekt"
    },
    "url" : "",
    "value" : "Demo-Item"
  } ],
  "mediaContent" : {
    "images" : [ "001.png" ],
    "models" : [ "001.glb" ]
  },
  "mediaCreationContent" : null
}