{
  "id" : "689e62e0-f74f-4a3b-8b5b-de8802f78647",
  "restrictions" : [ ],
  "version" : 5,
  "title" : {
    "value" : "Torus",
    "translatedValue" : "Torus",
    "translations" : { }
  },
  "description" : {
    "value" : "A torus with relative complex mesh structure.",
    "translatedValue" : "Ein Torus mir relativ komplexer ",
    "translations" : {
      "de" : "Ein Torus mir relativ komplexen Gittermodelldaten."
    }
  },
  "properties" : {
    "b050c460-b653-43cd-9c6b-54a7711ef91e" : "36864",
    "ea00e0c3-b416-48a0-b582-905c97b892d6" : "36864",
    "16b1a164-09f3-46ba-99d0-98587a2375d5" : "73728",
    "5abd6197-6145-4246-8482-488ee80ebe91" : "26.03.2024",
    "da9ed2f4-ef20-4dce-bafb-7b8e0c7b7e40" : "Blender 3D"
  },
  "tags" : [ {
    "value" : "complex",
    "translatedValue" : "komplex",
    "translations" : {
      "de" : "komplex"
    },
    "id" : "ed94c664-78e1-4f13-a111-f8f909dbbd14",
    "restrictions" : [ ],
    "url" : "",
    "defaultTag" : false
  } ],
  "mediaContent" : {
    "images" : [ "001.png" ],
    "models" : [ "001.glb" ]
  }
}